date,platform_search_volume,platform_autocomplete_volume,platform_total_sessions,platform_sessions_converted,active_sites
2023-06-24,2967835,1465321,3079555,56858,2314
2023-06-25,3081139,1505243,3160075,64154,2322
2023-06-26,2033788,1078416,2014132,47661,2329
2023-06-27,3825610,2049309,4173614,94767,2332
2023-06-28,3868907,2058418,4132269,95911,2321
2023-06-29,3411132,1897094,3715242,85764,2337
2023-06-30,3226495,1719618,3449352,74282,2291
2023-07-01,2866410,1314595,2810003,52931,2300
2023-07-02,3485364,1581665,3379323,68101,2311
2023-07-03,3811711,2092484,4070522,94085,2320
2023-07-04,3583061,1936859,3875243,85093,2332
2023-07-05,3527187,1806865,3658940,74038,2330
2023-07-06,3507696,1843566,3632743,75488,2334
2023-07-07,3284530,1563199,3299555,65370,2336
2023-07-08,3070089,1335155,2993514,54174,2341
2023-07-09,3650566,1598136,3502356,69773,2356
2023-07-10,4325776,2351167,4560372,111576,2374
2023-07-11,4183344,2234477,4376237,105417,2386
2023-07-12,3871085,2158598,4087349,100208,2397
2023-07-13,3922203,2174785,4044704,98344,2397
2023-07-14,3553260,1949973,3765243,83457,2388
2023-07-15,3026243,1393493,2844466,56815,2398
2023-07-16,3673584,1656212,3419984,73274,2402
2023-07-17,4063252,2249429,4317036,106643,2407
2023-07-18,3896020,2144842,4063003,100351,2412
2023-07-19,3719492,2102771,3943437,97081,2461
2023-07-20,3634015,2045144,3845482,90244,2462
2023-07-21,3385742,1884208,3686717,78668,2474
2023-07-22,2915079,1347880,2773216,52463,2493
2023-07-23,3479816,1576800,3191165,67876,2510
2023-07-24,3925812,2213451,4123254,102726,2523
2023-07-25,3954887,2146197,4182637,98574,2547
2023-07-26,3922358,2160280,4162473,95867,2535
2023-07-27,3677923,1984198,4092279,86521,2515
2023-07-28,3460650,1887836,3982853,78996,2511
2023-07-29,2952404,1414521,3016816,57149,2533
2023-07-30,3680437,1717319,3609377,77825,2558
2023-07-31,3916549,2218167,4116218,99948,2557
2023-08-01,4034241,2144235,4629719,99163,2551
2023-08-02,3830967,2088042,4545760,94870,2584
2023-08-03,3812472,2072013,4505666,91257,2582
2023-08-04,3418408,1890110,4261014,78926,2579
2023-08-05,3369071,1536084,3710183,61248,2591
2023-08-06,4025637,1834257,4299178,79732,2598
2023-08-07,4397337,2439201,5069017,112851,2603
2023-08-08,4116581,2237627,4774361,102702,2742
2023-08-09,4052480,2268678,4829745,104341,2761
2023-08-10,3875243,2104330,4425547,94808,2765
2023-08-11,3134977,1602746,3564624,69266,2767
2023-08-12,2820746,1322268,3127323,52334,2779
2023-08-13,3312145,1586978,3646678,69750,2787
2023-08-14,4004624,2299236,4705523,107691,2788
2023-08-15,3955705,2143838,4618544,103672,2886
2023-08-16,3884653,2242249,4606806,102641,2878
2023-08-17,3971228,2201213,4588116,98882,2883
2023-08-18,3359933,1719947,3900026,72493,2887
2023-08-19,2994489,1412529,3339943,55923,2943
2023-08-20,3547762,1652257,3746515,72180,2951
2023-08-21,4186320,2205995,4783630,127863,2938
2023-08-22,4023396,1932667,4734072,119355,2948
2023-08-23,3783238,1873762,4800512,114956,2964
2023-08-24,3718256,1808233,4575107,107281,2965
2023-08-25,3415675,1912999,4293594,96665,2966
2023-08-26,3014290,1362031,3359253,71902,2971
2023-08-27,3687267,1681911,3923093,94401,2978
2023-08-28,4174445,2354183,4846235,128159,2929
2023-08-29,4098162,2258933,4866888,119092,2943
2023-08-30,3976691,2256808,4833482,117264,2936
2023-08-31,3783010,2129567,4261147,111294,3083
2023-09-01,3447764,1865410,3939229,95422,3081
2023-09-02,3276188,1598497,3501705,79526,3089
2023-09-03,3809580,1654338,3732745,95032,3100
2023-09-04,3988541,2215662,4411313,123197,3070
2023-09-05,3862421,2162245,4265710,120486,3085
2023-09-06,3881667,2200348,4422466,125174,3082
2023-09-07,3915986,2170885,4154573,122693,3081
2023-09-08,3335826,1680141,3372443,97556,3082
2023-09-09,3079024,1392029,2886763,78235,3084
2023-09-10,3722020,1687267,3451769,102253,3033
2023-09-11,4145403,2361300,4411570,141664,3025
2023-09-12,4060229,2287773,4393897,133021,3037
2023-09-13,4015235,2271922,4738104,131020,3042
2023-09-14,3803206,2091435,4065540,116727,3041
2023-09-15,3734545,2071410,4199889,116168,3042
2023-09-16,3532662,1826871,3693632,99456,3048
2023-09-17,4136475,2110589,4229952,126757,3009
2023-09-18,4186948,2363233,4642544,140193,2991
2023-09-19,3909919,2156802,4381174,121672,3000
2023-09-20,3628224,2050425,4439799,113027,3007
2023-09-21,3505814,1996215,3948509,103249,3008
2023-09-22,3516906,1951033,3821008,96235,3010
2023-09-23,3490466,1769650,3558529,85639,3015
2023-09-24,4119461,1993115,4062511,105004,3029
2023-09-25,3900203,2181427,4128751,119054,2864
2023-09-26,3368373,1979207,3625522,100136,2868
2023-09-27,3579494,2299916,3774917,104721,2867
2023-09-28,3532930,2156790,3613973,96723,2868
2023-09-29,3446554,2117806,3530251,92868,2870
2023-09-30,3620355,1947647,3432584,83645,2877
2023-10-01,4163281,2119288,3860918,100554,2888
2023-10-02,3968670,2121703,3876113,113235,2890
2023-10-03,3993642,2011018,3866824,111710,2731
2023-10-04,4014924,2036448,3889932,110567,2733
2023-10-05,3951369,2011884,3835637,108341,2733
2023-10-06,3664490,1841620,3622623,94720,2730
2023-10-07,3816759,1718668,3400951,83671,2757
2023-10-08,4549597,2057717,4047016,106577,2746
2023-10-09,4860898,2709748,5088931,137089,2750
2023-10-10,4558735,2533069,4797996,131325,2758
2023-10-11,4327600,2409242,4614661,127238,2754
2023-10-12,4320626,2352831,4665028,127163,2756
2023-10-13,4225290,2197305,4389664,115505,2759
2023-10-14,4079458,2042708,4001293,101050,2775
2023-10-15,4955250,2444733,4876068,129669,2783
2023-10-16,4520592,2341088,4526788,134606,2778
2023-10-17,4461478,2235629,4396077,129065,2783
2023-10-18,4302772,2197843,4241731,125837,2780
2023-10-19,4334817,2258265,4274935,122298,2776
2023-10-20,3866806,2036932,3985411,101706,2777
2023-10-21,3716783,1829615,3526109,86229,2788
2023-10-22,4544904,2246296,4287720,112204,2723
2023-10-23,4132424,2277672,4295375,111153,2630
2023-10-24,4112284,2243994,4284942,112550,2631
2023-10-25,3917120,2178075,4174564,107149,2632
2023-10-26,3922971,2159000,4055037,100981,2630
2023-10-27,3807369,2058444,3944500,95600,2626
2023-10-28,3687899,1823394,3510714,84008,2640
2023-10-29,4254593,2125000,4107771,102179,2646
2023-10-30,4535212,2746363,4985814,129683,2651
2023-10-31,4475684,2815108,5085791,130110,2656
2023-11-01,4675032,2955527,5194581,132048,2665
2023-11-02,4738579,3177973,5249163,138873,2666
2023-11-03,4825369,3357142,5284344,134689,2664
2023-11-04,4707588,3075811,4712376,117909,2674
2023-11-05,5691783,3697671,5642736,150882,2682
2023-11-06,5236730,3674754,5750946,164766,2655
2023-11-07,4961232,3456385,5468005,152508,2665
2023-11-08,4829468,3459599,5234668,152088,2665
2023-11-09,5137735,3507732,5276042,155221,2665
2023-11-10,5081007,3523211,5271555,152626,2665
2023-11-11,5142486,3374896,5017993,134306,2673
2023-11-12,6016438,3838935,5737649,164716,2676
2023-11-13,4971771,4172992,6353921,184912,2683
2023-11-14,4467194,3634008,5369931,162194,2689
2023-11-15,4351214,3662579,5379417,162499,2684
2023-11-16,3811439,3211882,4823208,136315,2684
2023-11-17,4291590,3413605,5141869,145109,2684
2023-11-18,4193241,3030474,4760520,133480,2686
2023-11-19,4976010,3596045,5610395,168318,2693
2023-11-20,4461419,3494136,5557721,167865,2710
2023-11-21,4612974,3475722,5454828,168044,2691
2023-11-22,4333959,3353091,5329592,161641,2685
2023-11-23,4583068,3494474,5417664,168956,2684
2023-11-24,5277228,3972199,6001974,200743,2685
2023-11-25,4650331,3668505,5050096,158361,2687
2023-11-26,5819927,4670451,6209044,218185,2692
2023-11-27,4946927,4107493,5957144,197735,2692
2023-11-28,4313708,3476443,5254358,152622,2695
2023-11-29,3899062,3339578,4820372,148773,2686
2023-11-30,3576355,3013351,4420012,140071,2682
2023-12-01,3441379,3050995,4413854,133078,2681
2023-12-02,3522609,2905362,4121987,122625,2685
2023-12-03,4140707,3389842,4724819,150776,2701
2023-12-04,4288431,4140432,5384295,182302,2704
2023-12-05,4015173,3798116,5014307,171256,2712
2023-12-06,4345152,3985647,5311935,182241,2717
2023-12-07,4404028,3811074,5341837,174963,2718
2023-12-08,4066835,3584887,4977211,160396,2716
2023-12-09,4292383,3707025,4853668,152945,2716
2023-12-10,5407743,4579093,5946030,196439,2716
2023-12-11,5685976,5335651,6939957,247041,2695
2023-12-12,5237317,4790139,6517179,228522,2682
2023-12-13,5162422,4730456,6411474,228003,2660
2023-12-14,5159970,4495930,6209715,212556,2630
2023-12-15,4679975,4045660,5752433,188250,2628
2023-12-16,4716328,3994546,5354600,173318,2627
2023-12-17,5698078,4685300,6138863,217650,2626
2023-12-18,5194305,4581855,6128348,221255,2598
2023-12-19,4449643,3984791,5623263,182511,2598
2023-12-20,4355479,3652564,5096839,158943,2591
2023-12-21,4333876,3257919,4615318,133430,2590
2023-12-22,3712129,2760649,3962194,105352,2589
2023-12-23,2943347,2028871,3303599,70708,2589
2023-12-24,2480223,1703321,2947320,54730,2589
2023-12-25,3914987,2726429,4320662,94122,2564
2023-12-26,4455151,2889399,4710975,106812,2564
2023-12-27,5138420,3411227,5346333,130356,2552
2023-12-28,4911511,3156373,5192706,122484,2551
2023-12-29,4578712,2948196,4899739,113317,2550
2023-12-30,4107145,2652756,4420767,98505,2549
2023-12-31,2890076,1789422,3410699,68898,2548
2024-01-01,3817515,2251010,4230472,89678,2538
2024-01-02,5514184,3345276,5693521,141064,2560
2024-01-03,5154699,3115269,5470348,130448,2569
2024-01-04,5297936,3230069,5516927,138295,2579
2024-01-05,4480416,2733326,4950495,114552,2585
2024-01-06,4449847,2634953,4717779,106475,2586
2024-01-07,5110917,2978482,5192680,127391,2589
2024-01-08,5265660,3210692,5459042,141462,2555
2024-01-09,5095108,3094144,5380986,136223,2539
2024-01-10,4691463,3274067,5218202,145077,2548
2024-01-11,4097877,3718321,5134035,167040,2567
2024-01-12,3878983,3574097,4928661,154777,2575
2024-01-13,3983385,3541580,4726646,145250,2578
2024-01-14,4519167,4053362,5219894,175386,2583
2024-01-15,4396142,4330047,5439394,197177,2550
2024-01-16,4148542,4032848,5192221,179754,2572
2024-01-17,4151727,4077797,5245965,181029,2586
2024-01-18,3937311,3831753,5105283,166451,2600
2024-01-19,3588449,3440346,4675958,145260,2613
2024-01-20,3659124,3279612,4513985,132801,2620
2024-01-21,4193600,3772567,5027081,161700,2627
2024-01-22,4188421,4224927,5366385,188996,2625
2024-01-23,3979700,3902583,5142763,173898,2614
2024-01-24,3922196,3854962,5089923,169621,2631
2024-01-25,3851710,3683079,4996495,159757,2659
2024-01-26,3609102,3476954,4805582,143940,2673
2024-01-27,3604891,3291644,4481590,126985,2677
2024-01-28,4086144,3694429,4953200,152467,2681
2024-01-29,4105683,4162330,5292271,183048,2642
2024-01-30,3854827,3843174,5097607,162328,2660
2024-01-31,3710981,3750209,4967284,159152,2678
2024-02-01,3838881,3772597,5074159,159954,2692
2024-02-02,3603404,3467516,4817464,143076,2707
2024-02-03,3617434,3262449,4554213,129714,2707
2024-02-04,4328394,3929203,5285580,163695,2708
2024-02-05,4145572,4247977,5478187,184300,2684
2024-02-06,4039875,3998482,5257944,175478,2692
2024-02-07,3950283,4008455,5202411,175871,2706
2024-02-08,3918183,3911231,5009526,172281,2698
2024-02-09,3726380,3610076,4771412,158185,2702
2024-02-10,3598621,3310562,4461315,137540,2704
2024-02-11,4520846,4128450,5368316,181974,2736
2024-02-12,4310489,3678447,5419133,200572,2695
2024-02-13,4073311,3450826,5172412,186958,2699
2024-02-14,3931289,3527209,5150150,180985,2712
2024-02-15,3826053,4084233,5299325,168726,2730
2024-02-16,3464050,3888536,4949675,145106,2742
2024-02-17,3517211,3658950,4778719,131310,2741
2024-02-18,3293784,3408461,4457923,131174,2742
2024-02-19,2642837,2990470,3472789,117019,2676
2024-02-20,3868196,4397130,5479269,169798,2692
2024-02-21,3737903,4255850,5350616,170809,2706
2024-02-22,3665348,3672354,5286095,158725,2727
2024-02-23,3350521,3345394,4971116,137834,2734
2024-02-24,3250742,2988977,4651543,120612,2738
2024-02-25,3807761,3430825,5275841,149080,2743
2024-02-26,3715257,3841772,5507212,170027,2704
2024-02-27,3635337,3642999,5314506,162719,2718
2024-02-28,3555172,3621157,5177316,163238,2727
2024-02-29,3530448,3531200,5120439,157580,2736
2024-03-01,3224014,3212101,4843059,135267,2747
2024-03-02,3315315,3047203,4668646,124596,2753
2024-03-03,3797485,3408511,5180879,150258,2762
2024-03-04,3921166,3894362,5619207,181926,2726
2024-03-05,3868957,3841808,5565384,176481,2738
2024-03-06,3718875,3675954,5399207,170067,2755
2024-03-07,3743143,3752117,5400627,170977,2761
2024-03-08,3257974,3305252,4881278,149081,2766
2024-03-09,3357685,3183553,4779297,135856,2768
2024-03-10,4165497,3768809,5494896,175288,2769
2024-03-11,4026317,3204410,5486891,199802,2723
2024-03-12,4014659,2965818,5430632,191663,2732
2024-03-13,3672670,2841809,5236267,179013,2741
2024-03-14,3701778,2756995,5045243,175001,2749
2024-03-15,3332062,2453523,4674835,150268,2759
2024-03-16,3252690,2317077,4433768,134455,2759
2024-03-17,3822280,2611492,4939477,164718,2761
2024-03-18,3966124,3025782,5424312,195366,2747
2024-03-19,3724957,2778264,5180251,178354,2759
2024-03-20,3579558,2678216,4963513,175114,2769
2024-03-21,3412910,2514273,4863049,161802,2776
2024-03-22,3095085,2253278,4534262,136900,2781
2024-03-23,3194254,2176496,4393039,128358,2784
2024-03-24,3803727,2586340,5062332,160618,2784
2024-03-25,3842197,2839996,5341133,188276,2730
2024-03-26,3660568,2586709,4926618,169636,2744
2024-03-27,3404860,2486969,4672909,159127,2751
2024-03-28,3220516,2278710,4439321,140673,2763
2024-03-29,2893680,1976103,3993632,117688,2772
2024-03-30,2719787,1789219,3593123,105562,2771
2024-03-31,2860844,1775442,3631602,107920,2772
2024-04-01,3370078,2186898,4328268,142815,2718
2024-04-02,4106285,2960105,5324419,198056,2733
2024-04-03,3885365,2757565,5093323,186203,2746
2024-04-04,3577954,2583596,4885844,170710,2763
2024-04-05,3183389,2291080,4399336,146952,2775
2024-04-06,2990692,1971300,3905625,121980,2777
2024-04-07,3356482,2267282,4422922,146473,2777
2024-04-08,3738301,2748996,5064387,188330,2712
2024-04-09,3886296,2821717,5066901,193198,2736
2024-04-10,3993884,2861377,5226686,198980,2759
2024-04-11,3647112,2589518,4882379,173072,2767
2024-04-12,3336299,2428069,4724047,158976,2782
2024-04-13,3111606,2073932,4086229,132346,2785
2024-04-14,3707178,2496847,4807562,169097,2786
2024-04-15,4152863,3141105,5566184,218629,2793
2024-04-16,3988565,2946094,5397338,196841,2820
2024-04-17,3695606,2765293,5089681,181365,2884
2024-04-18,3582305,2556938,4919242,169565,2912
2024-04-19,3249005,2361610,4591410,148384,2930
2024-04-20,3335072,2280922,4486889,136874,2934
2024-04-21,3819998,2536653,5007121,164527,2936
2024-04-22,3786362,2834710,5327278,191025,2919
2024-04-23,3600431,2653880,5129012,176627,2942
2024-04-24,3666368,2790222,5273395,180645,2946
2024-04-25,3428328,2591009,4984179,164299,2971
2024-04-26,3022042,2272258,4678226,140282,2985
2024-04-27,2812428,1953409,4033694,115340,2992
2024-04-28,3412340,2362543,4752598,149951,2995
2024-04-29,3479054,2669172,5050132,177094,2951
2024-04-30,3159967,2301219,4644424,149089,2938
2024-05-01,3027650,2161698,4416336,135455,2951
2024-05-02,3505316,2637704,5047057,172688,2956
2024-05-03,3131944,2286980,4618693,139269,2964
2024-05-04,2865282,1985302,4106644,115375,2971
2024-05-05,3410998,2361209,4751792,150060,2974
2024-05-06,4052472,3014035,5595844,201027,2977
2024-05-07,3840935,2885074,5461260,189264,2998
2024-05-08,3671677,2665160,5128388,175770,3010
2024-05-09,3738380,2768898,5203285,187593,3027
2024-05-10,3204510,2358872,4691248,152517,3045
2024-05-11,3060360,2112869,4286064,130831,3051
2024-05-12,3629180,2482597,4877543,166262,3057
2024-05-13,4060539,3082479,5599116,216315,3035
2024-05-14,4002603,3062822,5628741,208500,3005
2024-05-15,3867619,2875113,5433693,198052,3005
2024-05-16,3709708,2720894,5349067,183857,3016
2024-05-17,3564270,2673872,5258388,166899,3034
2024-05-18,3154742,2169449,4479511,133088,3038
2024-05-19,3923826,2588836,5120965,173799,3042
2024-05-20,4173328,3071702,5756227,213476,2995
2024-05-21,4072548,2970248,5675704,202361,3007
2024-05-22,4028557,2972870,5625244,199704,3023
2024-05-23,3699938,2680124,5233448,178240,3036
2024-05-24,3120546,2308024,4750489,143070,3046
2024-05-25,2924115,1987495,4198106,119681,3048
2024-05-26,3500109,2325849,4769981,150779,3051
2024-05-27,3936027,2926647,5545212,198297,2986
2024-05-28,3942471,2945636,5714642,190837,2996
2024-05-29,3648392,2743181,5311840,174090,3010
2024-05-30,3546660,2584989,5176065,162855,3025
2024-05-31,3193689,2386654,4877202,143838,3020
2024-06-01,3134553,2181394,4568764,125945,3021
2024-06-02,3863910,2626967,5325267,164312,3029
2024-06-03,4066271,3096001,5853422,203606,2986
2024-06-04,3983345,2989167,5747755,195397,2990
2024-06-05,3775751,2836541,5436801,186023,3003
2024-06-06,3665877,2700769,5225460,176406,3020
2024-06-07,3180785,2344498,4847549,147180,3027
2024-06-08,3035135,2072163,4329018,124614,3031
2024-06-09,3749028,2532276,5130797,162408,3031
2024-06-10,4419578,3352863,6278799,225697,3014
2024-06-11,4322462,3212981,6050746,218240,2982
2024-06-12,4185295,3174891,5958628,211256,2994
2024-06-13,3963095,2943119,5606732,192117,3013
2024-06-14,3463105,2594820,5096916,161419,3019
2024-06-15,3128565,2157248,4390275,128243,3020
2024-06-16,4027577,2685393,5277929,174362,3021
2024-06-17,4112705,3063423,5742444,209813,2975
2024-06-18,4173060,3081533,5969616,207646,2983
2024-06-19,4057388,3037310,5798889,200977,3004
2024-06-20,3830632,2881188,5572056,187249,3020
2024-06-21,3359907,2533560,4967038,157284,3029
2024-06-22,3208620,2263290,4555726,133768,3033
2024-06-23,2096584,1422586,3046407,101099,3041
2024-06-24,4155523,3165077,5903034,211291,3035
2024-06-25,4087153,3080168,5779408,207525,3003
2024-06-26,3898726,2964600,5654370,194301,3016
2024-06-27,3767330,2813590,5485774,181477,3027
2024-06-28,3337520,2521994,5055304,153752,3032
2024-06-29,3125204,2220131,4524892,131288,3026
2024-06-30,3923022,2714213,5383209,172584,3026
2024-07-01,4113573,2974025,5708192,199588,2989
2024-07-02,3994758,2839694,5503784,190026,2958
2024-07-03,3925584,2835758,5433633,184483,2767
2024-07-04,3752071,2574371,5036962,165222,2787
2024-07-05,3266647,2164377,4395068,136111,2829
2024-07-06,3166832,2049028,4140296,123649,2831
2024-07-07,4039774,2635370,5166457,169172,2800
2024-07-08,4247043,3124102,5734780,214205,2775
2024-07-09,4222548,3038944,5617405,209758,2806
2024-07-10,4183848,3041090,5558075,207565,2836
2024-07-11,4039140,2961016,5507706,198139,2847
2024-07-12,3667776,2712079,5131656,172530,2855
2024-07-13,3319375,2285654,4484949,141263,2858
2024-07-14,3938710,2695807,5143601,175960,2751
2024-07-15,4274280,3290802,5911050,222952,2735
2024-07-16,4206388,3206013,5835275,211901,2748
2024-07-17,4021678,3078377,5610706,199734,2764
2024-07-18,3846463,2827918,5356417,187231,2804
2024-07-19,3402746,2493855,4911088,159720,2818
2024-07-20,3076609,2112973,4347644,130933,2818
2024-07-21,3695034,2520496,5040694,165489,2820
2024-07-22,4105105,3052791,5796397,210821,2825
2024-07-23,4009042,2931294,5582713,196554,2832
2024-07-24,4071386,2996024,5659889,200615,2843
2024-07-25,3815116,2746029,5303303,177999,2854
2024-07-26,3363106,2431164,4859721,153029,2859
2024-07-27,2963645,2002619,4238756,121246,2824
2024-07-28,3792140,2501886,5125668,160743,2799
2024-07-29,4115778,2978301,5534540,173465,2821
2024-07-30,4019821,2850591,5237110,146470,2885
2024-07-31,3889261,2785197,5164397,143095,2895
2024-08-01,3987297,2805481,5266511,138851,2901
2024-08-02,3757972,2637914,5210763,147987,2917
2024-08-03,3360116,2203959,4570857,131012,2920
2024-08-04,4104240,2679288,5356939,169101,2922
2024-08-05,4497982,3318793,7199821,224946,2910
2024-08-06,4348246,3171705,7163656,215410,2925
2024-08-07,4217592,3134095,7021181,212163,2937
2024-08-08,4258682,3158781,7136004,210441,2954
2024-08-09,3876576,2819992,6547008,184189,2969
2024-08-10,3530376,2438011,5753222,153197,2973
2024-08-11,4168203,2888754,6388223,192091,2973
2024-08-12,4488115,3416990,7309303,236219,2973
2024-08-13,4268947,3319540,7276929,225267,2973
2024-08-14,4410993,3478863,7476858,235754,2975
2024-08-15,4359222,3310295,7264676,217539,2987
2024-08-16,3938085,3031330,6753151,194614,2996
2024-08-17,3750826,2688575,6197228,164271,2996
2024-08-18,4504958,3246191,7094706,212143,3000
2024-08-19,4677914,3613522,7851371,248670,2956
2024-08-20,4152924,3164518,7240664,213936,2968
2024-08-21,3993715,3070513,7137953,205362,2983
2024-08-22,3951057,2993702,6941757,197906,2992
2024-08-23,3569415,2663412,6354560,171530,3006
2024-08-24,3245794,2309737,5681498,145081,3011
2024-08-25,3869400,2747053,6447406,178872,3011
2024-08-26,4148063,3296790,7302405,226641,2970
2024-08-27,3989100,3074761,7026143,209264,2982
2024-08-28,3887230,2974154,6931653,203312,2988
2024-08-29,3737158,2828731,6690030,189671,2996
2024-08-30,3607559,2776848,6546584,182502,3003
2024-08-31,3431853,2523827,6019765,161337,3004
2024-09-01,3875506,2849006,6568287,192879,3006
2024-09-02,4019094,3287847,7151939,234532,2951
2024-09-03,4031801,3232288,7257107,229112,2994
2024-09-04,3954371,3150739,7190437,222682,3025
2024-09-05,3903114,3078971,6974102,214850,3044
2024-09-06,3693823,2903372,6627522,197676,3048
2024-09-07,3512813,2596591,5952116,169707,3053
2024-09-08,4213499,3154108,6802553,216892,3056
2024-09-09,5243125,3766984,9068114,285254,3353
2024-09-10,5070955,3879823,9447010,262551,3634
2024-09-11,4962169,3495690,9684215,248821,3806
2024-09-12,5535713,4374613,9269301,293153,4051
2024-09-13,5621055,4235226,9318358,280580,4020
2024-09-14,5546839,4072827,8844433,258434,4018
2024-09-15,5758831,4008646,9002218,280091,4002
2024-09-16,5096908,3852526,8547677,283482,4089
2024-09-17,4596582,3447779,7981776,242222,4071
2024-09-18,4368844,3388437,7734790,233701,4064
2024-09-19,4193508,3274230,7347239,224329,3955
2024-09-20,3869993,2947943,6654251,192915,3738
2024-09-21,3599971,2597954,5952209,164585,3739
2024-09-22,4268483,3122522,6784285,209651,3740
2024-09-23,4305137,3389801,7317232,235159,4029
2024-09-24,4349501,3408614,7367833,232322,4035
2024-09-25,4231375,3257549,7146558,220929,4044
2024-09-26,4311264,3412029,7345750,224407,4052
2024-09-27,3873752,3020171,6820696,192130,4065
2024-09-28,3915758,2885635,6461100,177292,4066
2024-09-29,4508502,3280709,7073364,209779,4066
2024-09-30,4373785,3417708,7414625,231818,4036
2024-10-01,4296587,3384287,7435642,223247,3399
2024-10-02,4362718,3485660,7492068,229462,3396
2024-10-03,4274514,3366389,7343170,220657,3428
2024-10-04,4098104,3257707,7198380,205173,3449
2024-10-05,3938281,2937176,6665487,177848,3451
2024-10-06,4483524,3300443,7233151,212530,3455
2024-10-07,4241626,3439270,7246979,229113,3436
2024-10-08,4586545,3668160,7497780,249410,3134
2024-10-09,4536616,3624418,7399235,251153,3156
2024-10-10,4646105,3684094,7490499,258993,3176
2024-10-11,4344863,3453085,7224999,229889,3178
2024-10-12,4178789,3122391,6670776,199981,3183
2024-10-13,4995360,3712469,7441127,249023,3186
2024-10-14,4986425,4002546,7905190,279662,3129
2024-10-15,4891667,3887804,7882688,271596,3175
2024-10-16,4787165,3820344,7777324,266417,3190
2024-10-17,4626150,3662138,7513405,249225,3209
2024-10-18,4054911,3367715,7029015,219805,3237
2024-10-19,4056974,3087369,6488088,191969,3238
2024-10-20,4832662,3646715,7335188,240348,3240
2024-10-21,4725661,3781646,7705555,254220,3230
2024-10-22,4801768,3744694,7622327,249066,3251
2024-10-23,4749772,3667324,7596975,246357,3252
2024-10-24,4373905,3103690,7112067,220086,3260
2024-10-25,4033631,2864156,6805926,196372,3260
2024-10-26,3943161,2616370,6424300,171144,3258
2024-10-27,4583834,2930080,7281350,201259,3259
2024-10-28,4610459,3200815,7605859,231098,3194
2024-10-29,4694263,3364142,7744113,239057,3224
2024-10-30,4606641,3449239,7680620,244244,3239
2024-10-31,4398986,3236466,7353088,225377,3251
2024-11-01,4341489,3032952,7228392,202902,3264
2024-11-02,4368307,2967790,7058337,193428,3262
2024-11-03,5232757,3472879,8074127,239856,3263
2024-11-04,5224882,3757285,8628121,270563,3217
2024-11-05,5221039,3733796,8605174,269370,3239
2024-11-06,5125947,3690271,8561537,264594,3269
2024-11-07,5478051,3884302,8900594,275657,3281
2024-11-08,5883479,4202610,8933867,303173,3284
2024-11-09,5346365,3647552,8063999,248783,3283
2024-11-10,6428284,4283375,9184182,301516,3286
2024-11-11,6297622,4413696,9676008,331836,3240
2024-11-12,5965964,4354400,9569918,302772,3265
2024-11-13,7013786,4561003,13097272,324761,3279
2024-11-14,6990096,4447943,14813643,315576,3304
2024-11-15,6753924,4218404,14953078,292674,3311
2024-11-16,6544175,3860789,13640324,248814,3311
2024-11-17,7771369,5021374,14948090,310086,3311
2024-11-18,6472681,4953991,14640097,343799,3259
2024-11-19,6087544,4928376,10787596,330978,3294
2024-11-20,6099968,4821424,10732642,327459,3303
2024-11-21,6000742,4774917,10758348,321815,3310
2024-11-22,5703536,4317305,10286870,296616,3320
2024-11-23,5668736,4122289,9647294,268762,3322
2024-11-24,7053302,5432292,11313013,351636,3323
2024-11-25,6392572,5038441,10953345,355817,3258
2024-11-26,6246536,4454911,10389521,342404,3273
2024-11-27,6274558,4374043,10521012,338876,3283
2024-11-28,6550375,4509416,10856964,350542,3313
2024-11-29,7097180,4698083,11383639,392731,3332
2024-11-30,6262004,4133784,9982174,311585,3333
2024-12-01,7427673,5065349,11179334,388251,3335
2024-12-02,6842258,5157935,11309333,370431,3284
2024-12-03,6352222,4636300,10867848,328464,3288
2024-12-04,6259879,4521451,10698319,324100,3307
2024-12-05,5725061,4088034,10142594,297261,3323
2024-12-06,5443595,3758373,9915335,280644,3334
2024-12-07,5667785,3767147,9627503,268376,3338
2024-12-08,6806368,4699980,10771099,331703,3340
2024-12-09,6604072,5265220,10900740,371907,3300
2024-12-10,5564662,5066199,11039840,338780,3314
2024-12-11,5232290,4754244,10640434,325178,3325
2024-12-12,6284537,4622155,10503892,354958,3339
2024-12-13,5870343,4372392,10020781,327537,3344
2024-12-14,5874661,4345741,9197577,306794,3343
2024-12-15,6859526,5039074,10107226,365862,3342
2024-12-16,6801488,5198641,10431270,393895,3294
2024-12-17,6124172,4748418,9738966,346254,3298
2024-12-18,5672947,4314271,9150023,313386,3301
2024-12-19,5171828,4020327,8607624,279505,3303
2024-12-20,4725068,3733425,7878712,241056,3304
2024-12-21,4224010,3389569,7197288,213135,3306
2024-12-22,4493257,3498332,7343106,223932,3305
2024-12-23,3417955,2585187,6704081,169994,3261
2024-12-24,2544242,1707448,5611601,104139,3270
2024-12-25,3881179,2682075,7049887,163468,3270
2024-12-26,4531831,2988120,7610415,200944,3280
2024-12-27,5178473,3599045,8387587,238567,3290
2024-12-28,4979416,3286190,7996934,218784,3289
2024-12-29,5088365,3326356,7955646,229637,3293
2024-12-30,4406845,3274632,7577929,226360,3255
2024-12-31,2841975,1921717,5601068,134598,3269
2025-01-01,3955771,2537782,6661348,178580,3282
2025-01-02,5508180,3899656,8898615,277909,3300
2025-01-03,5284304,3724236,8856218,260422,3310
2025-01-04,4994812,3382656,8154949,232527,3312
2025-01-05,5496917,3564790,8809225,262186,3317
2025-01-06,5507453,3835134,9001550,287281,3310
2025-01-07,5379672,4034327,9141279,293609,3323
2025-01-08,5990497,4236064,9199906,287339,3327
2025-01-09,5943748,4192851,9235092,284574,3342
2025-01-10,5690585,3959236,8991205,260490,3354
2025-01-11,5699333,3773993,8595358,236510,3359
2025-01-12,6401068,4156315,9184635,278498,3363
2025-01-13,6208527,4384769,9471861,306823,3357
2025-01-14,6052559,4230232,9431452,295686,3359
2025-01-15,6073132,4149537,9640749,293939,3372
2025-01-16,6193678,4103081,9325069,283285,3378
2025-01-17,5606687,3772861,8896520,252276,3394
2025-01-18,5626651,3551476,8577117,228783,3396
2025-01-19,6418340,3987965,9325311,275179,3395
2025-01-20,6139566,4204109,9392172,295512,3353
2025-01-21,5874802,4005926,9021786,273504,3371
2025-01-22,5813442,3910317,9078392,276771,3381
2025-01-23,5608561,3812695,8891333,258968,3391
2025-01-24,5200457,3520481,8488753,229837,3395
2025-01-25,5253351,3361368,8012108,212007,3403
2025-01-26,6074548,3847263,8921341,256662,3404
2025-01-27,5869218,4079124,8943628,278285,3368
2025-01-28,5651595,3936249,8538563,263775,3372
2025-01-29,5504897,3781294,8399776,257969,3382
2025-01-30,5426432,3649812,8210589,244454,3388
2025-01-31,5133667,3461005,8205689,226742,3392
2025-02-01,5314159,3344922,8130614,215614,3396
2025-02-02,6184881,3823807,9049506,263252,3398
2025-02-03,6086768,4112442,9626581,304231,3381
2025-02-04,6024161,4004050,9460801,292230,3371
2025-02-05,5782414,3929362,9179339,285375,3390
2025-02-06,5820485,3923367,9510900,282239,3416
2025-02-07,5485809,3678180,9086535,258222,3421
2025-02-08,5598201,3518043,8967963,238503,3424
2025-02-09,6553030,3977830,9861534,289815,3428
2025-02-10,6221330,4345187,9539039,315912,3389
2025-02-11,6042901,4234433,9157276,301085,3411
2025-02-12,5925857,4168020,9137186,301025,3426
2025-02-13,5758386,4075147,8991059,290938,3435
2025-02-14,4970800,3501691,8291471,244514,3442
2025-02-15,5117823,3400906,8075298,223175,3448
2025-02-16,6012904,3897866,8909603,274672,3448
2025-02-17,5900288,4176364,9042466,295251,3390
2025-02-18,5672357,3947705,8741317,269079,3404
2025-02-19,5528322,3840518,8646320,266533,3432
2025-02-20,5462411,3771459,8607039,263744,3443
2025-02-21,5193464,3462138,8179538,241437,3448
2025-02-22,5020716,3221545,7663029,214705,3450
2025-02-23,5973857,3726589,8719271,267093,3450
2025-02-24,5756827,3904393,8915189,287040,3394
2025-02-25,5653172,3804126,8856475,276722,3414
2025-02-26,5527127,3720215,8713600,272788,3435
2025-02-27,5336216,3569976,8473991,257743,3437
2025-02-28,4925257,3245446,7926049,229893,3443
2025-03-01,4899239,3053814,7660064,211154,3445
2025-03-02,5773618,3480535,8631082,257153,3444
2025-03-03,5803600,3860010,9071674,294829,3433
2025-03-04,5594798,3721049,8993507,287682,3416
2025-03-05,5575771,3696325,9005978,287065,3425
2025-03-06,5506281,3654656,8792637,271384,3444
2025-03-07,5046996,3348045,8271259,244667,3459
2025-03-08,4648622,2913450,7329038,211523,3462
2025-03-09,5814101,3536150,8442746,272533,3463
2025-03-10,6156024,4103574,9215500,321301,3435
2025-03-11,7255105,3997701,9133858,317526,3435
2025-03-12,7091028,3911010,8900967,296098,3447
2025-03-13,7031683,3927043,9026815,289796,3470
2025-03-14,6364775,3576160,8438245,255192,3471
2025-03-15,6402292,3391420,8126887,235098,3477
2025-03-16,7380495,3745190,8763937,281632,3480
2025-03-17,7436329,4066532,9327449,317145,3442
2025-03-18,7052571,3807112,9067356,294094,3467
2025-03-19,6534879,3523919,8407623,272223,3480
2025-03-20,6179581,3219879,8006085,249415,3487
2025-03-21,5836264,3024059,7632077,227647,3503
2025-03-22,5690092,2895924,7470867,200379,3504
2025-03-23,7246966,3619775,8887077,265771,3509
2025-03-24,7153809,3830136,9202773,299100,3477
2025-03-25,6853509,3551679,9003643,278343,3471
2025-03-26,6682453,3514588,8776806,273764,3493
2025-03-27,6707339,3480058,8713037,270537,3504
2025-03-28,6049108,3132445,8122251,235087,3532
2025-03-29,6033993,3042080,7917924,221012,3519
2025-03-30,7054898,3393458,8444364,267204,3520
2025-03-31,7306763,3837164,8924789,303759,3463
2025-04-01,7046426,3708025,8601548,294130,3465
2025-04-02,6889022,3632464,8466248,286355,3465
2025-04-03,6361843,3382623,8003973,263242,3490
2025-04-04,5694126,3048781,7344566,229295,3495
2025-04-05,6045289,3049904,7282031,222210,3503
2025-04-06,7829302,3804006,8695520,297907,3512
2025-04-07,7610910,3950608,8762676,319830,3484
2025-04-08,7462911,3830005,8606690,307635,3501
2025-04-09,7177366,3729210,8338260,306697,3525
2025-04-10,7304323,3777940,8551832,308166,3480
2025-04-11,6647629,3454826,8160490,279627,3425
2025-04-12,5919952,2958722,7330150,233346,3428
2025-04-13,7142678,3540088,8409349,298376,3428
2025-04-14,7266195,3921230,8616603,326795,3370
2025-04-15,6970741,3798634,8468502,304739,3400
2025-04-16,5892667,3302780,7633427,257862,3424
2025-04-17,5301292,2943998,7051061,225090,3429
2025-04-18,4931521,2715839,6613125,194331,3446
2025-04-19,4180546,2211875,5673007,158946,3447
2025-04-20,4357336,2137265,5773911,160370,3449
2025-04-21,6026782,2844790,7155334,235589,3416
2025-04-22,7236717,3755151,8430077,309482,3416
2025-04-23,6786849,3527593,8071390,297498,3432
2025-04-24,6818643,3517081,8250263,298330,3431
2025-04-25,6324341,3267120,8049457,267503,3430
2025-04-26,5508053,2635253,6814341,219771,3443
2025-04-27,6771661,3146765,7984469,277860,3412
2025-04-28,5969153,3097466,7332652,272141,3394
2025-04-29,6269255,3298078,7766988,280498,3396
2025-04-30,5389141,2793917,6922465,234482,3409
2025-05-01,5286550,2574990,6755124,219331,3419
2025-05-02,5526902,2805349,7126508,232509,3425
2025-05-03,5445186,2593700,6759110,217087,3425
2025-05-04,7085114,3340010,8120201,292921,3379
2025-05-05,7343559,3821932,8661228,338704,3397
2025-05-06,7057997,3668498,8436479,320797,3452
2025-05-07,6495782,3432180,7720195,297204,3479
2025-05-08,6381614,3256298,7409592,283229,3522
2025-05-09,6108896,3179730,7324714,269651,3531
2025-05-10,5742605,2794816,7045522,235818,3534
2025-05-11,6896439,3296725,7879703,295769,3539
2025-05-12,7735457,4017200,8769520,371323,3516
2025-05-13,7384363,3812177,8393071,342141,3547
2025-05-14,6677847,3702387,7932061,328901,3565
2025-05-15,6292876,3707817,8122805,322057,3582
2025-05-16,5617009,3341855,7435024,280529,3598
2025-05-17,5368740,3007100,6911632,250572,3599
2025-05-18,6130495,3515663,7718422,306560,3600
2025-05-19,5877414,3853125,8289308,338135,3522
2025-05-20,5457073,3494680,7924389,302883,3538
2025-05-21,5267231,3423665,7818709,295619,3553
2025-05-22,5316826,3445221,7936031,289955,3565
2025-05-23,4792866,3084122,7423379,251907,3563
2025-05-24,4442231,2663005,6775737,219245,3563
2025-05-25,5368557,3191006,7643531,279589,3563
2025-05-26,5436668,3592459,8153786,316746,3535
2025-05-27,5061853,3418233,7892371,295605,3540
2025-05-28,5242022,3498345,8209413,300021,3565
2025-05-29,5045397,3346885,7995157,283034,3587
2025-05-30,4457206,2932600,7293041,241788,3535
2025-05-31,4058347,2492561,6526028,205578,3541
2025-06-01,4553542,3070494,7380307,235541,3547
2025-06-02,5391503,3662918,8196663,316488,3578
2025-06-03,5024094,3338894,7980240,289156,3596
2025-06-04,5099475,3361441,8206512,294097,3607
2025-06-05,4600978,2655763,7582097,249603,3615
2025-06-06,4555833,2861494,7042062,218672,3625
2025-06-07,4528674,2811060,6517814,192288,3626
2025-06-08,5715191,3455500,7459937,253170,3625
2025-06-09,5899381,3891819,7902181,322333,3589
2025-06-10,5664642,3846524,7879448,326103,3567
2025-06-11,5537994,3776346,7782910,316789,3585
2025-06-12,5267763,3621674,7476698,301887,3605
2025-06-13,4617143,3180190,6752714,255405,3621
2025-06-14,4155307,2701726,6006188,215431,3623
2025-06-15,5224966,3314736,6999746,281839,3628
2025-06-16,5913250,4030005,8073390,340064,3613
2025-06-17,5530295,3731145,7972815,311262,3623
2025-06-18,5044325,3506056,7745314,286000,3642
2025-06-19,5199933,3417911,7508282,281395,3649
2025-06-20,4843359,3139022,7006997,252803,3650
2025-06-21,4284676,2640656,6166670,211871,3653
2025-06-22,5384377,3274177,7186687,277574,3653
2025-06-23,5611483,3716434,8023949,316416,3633
2025-06-24,5575957,3592190,7947657,308087,3623
2025-06-25,5385538,3522306,7705536,297347,3634
2025-06-26,5037581,3301844,7303736,272888,3651
2025-06-27,4494850,2897856,6803901,231147,3657
2025-06-28,4182772,2539774,5971986,201781,3661
2025-06-29,5222210,3126032,7005445,260517,3665
2025-06-30,5683951,3705054,7839169,312670,3618
2025-07-01,5535509,3587864,7850905,298255,3640
2025-07-02,5378796,3552629,7732942,292005,3660
2025-07-03,5241077,3394264,7481150,281504,3669
2025-07-04,4608387,2945678,6897602,239865,3680
2025-07-05,4209921,2552186,6117817,208562,3685
2025-07-06,5218060,3098783,7007474,267054,3691
2025-07-07,5991568,3939175,8057090,330521,3677
2025-07-08,6012581,3995323,8140791,331070,3677
2025-07-09,5870180,3864553,8042444,320743,3699
2025-07-10,5586636,3649079,7580411,305870,3714
2025-07-11,5030187,3291177,6991733,267626,3719
2025-07-12,4709852,2966755,6457528,234538,3719
2025-07-13,5482547,3328042,7038614,286092,3723
2025-07-14,5839439,3844781,8054521,341585,3655
2025-07-15,5662936,3785366,8050648,318085,3662
2025-07-16,5742206,3756336,8154017,313643,3696
2025-07-17,5410050,3577894,7979498,290494,3710
2025-07-18,4695031,3117354,7219734,246195,3715
2025-07-19,4101257,2557343,6023214,203815,3716
2025-07-20,4860412,3045653,6803080,256402,3717
2025-07-21,5472905,3743576,7863786,312604,3663
2025-07-22,5417652,3632955,7695970,295913,3657
2025-07-23,5135786,3473904,7611156,286207,3707
2025-07-24,5005326,3381155,7467561,272571,3704
2025-07-25,4449043,2937766,6677611,235700,3711
2025-07-26,4119295,2616026,5964076,205852,3714
2025-07-27,5204780,3202408,6998939,266352,3720
2025-07-28,5586220,3706275,7880074,310361,3672
2025-07-29,5365968,3534054,7743070,295096,3678
2025-07-30,5117722,3433278,7475310,285895,3683
2025-07-31,4959782,3336757,7383170,275194,3700
2025-08-01,4466228,3024267,6974219,241136,3736
2025-08-02,4080171,2618506,6205781,206431,3739
2025-08-03,5084135,3170125,7081763,264750,3757
2025-08-04,5301064,3654582,7838125,296606,3726
2025-08-05,5215125,3522882,7568435,285265,3698
2025-08-06,5056911,3410767,7409442,278367,3709
2025-08-07,4971441,3352185,7165896,271154,3719
2025-08-08,4582878,3040083,6702838,246814,3722
2025-08-09,4054991,2555764,6021881,203738,3724
2025-08-10,4914996,3062640,6869943,254910,3730
2025-08-11,5509280,3806896,7954572,320440,3675
2025-08-12,5362255,3687580,7827358,303895,3692
2025-08-13,5248874,4960612,7738265,295665,3700
2025-08-14,4857586,4944325,7374686,271874,3709
2025-08-15,4286846,4243304,6678024,226504,3722
2025-08-16,4101118,3928260,6278827,207052,3739
2025-08-17,4976228,4666471,7176794,260998,3740
2025-08-18,5433820,5383660,8066326,304314,3727
2025-08-19,5343522,5125742,7874056,289512,3718
2025-08-20,5235989,5018278,7689133,283709,3727
2025-08-21,5195607,5067263,7760577,277938,3755
2025-08-22,4821913,4487767,7091129,247021,3763
2025-08-23,4514833,4053966,6455029,216912,3764
2025-08-24,5234299,4625059,7143891,262305,3768
2025-08-25,5603221,5246894,8111050,310164,3782
2025-08-26,5430826,5067044,7776146,295555,3748
2025-08-27,5257036,4951291,7699505,287067,3753
2025-08-28,4954763,4686932,7457952,271002,3781
2025-08-29,4571829,4274004,6911834,241579,3790
2025-08-30,4487485,4060588,6565859,222631,3791
2025-08-31,5267154,4715233,7338327,273259,3798
2025-09-01,5336743,5342799,7927417,315207,3785
2025-09-02,5442951,5438741,8077372,320406,3766
2025-09-03,5260326,5214016,8070283,312011,3778
2025-09-04,5216316,5067639,7987395,302781,3796
2025-09-05,4869888,4756707,7639668,275092,3823
2025-09-06,4716332,4333296,6994655,246649,3830
2025-09-07,5293122,4824478,7635857,289128,3831
2025-09-08,5593926,5633655,8387550,340865,3816
2025-09-09,5526078,5554125,8436907,327639,3769
2025-09-10,5614851,5857361,8589218,338081,3785
2025-09-11,5342185,5455418,8306536,318822,3800
2025-09-12,5082725,5219798,7966437,296564,3809
2025-09-13,4920930,4772142,7343222,261599,3807
2025-09-14,6000970,5722938,8347277,331842,3807
2025-09-15,5677160,5819288,8524393,351263,3795
2025-09-16,5426915,5400290,8453384,319764,3757
2025-09-17,5367225,5315596,8286625,315011,3771
2025-09-18,5144641,5154103,8108654,297017,3782
2025-09-19,4581975,4517153,7362636,250694,3791
2025-09-20,4110136,3860352,6475015,212531,3797
2025-09-21,4902788,4601438,7341408,271462,3799
2025-09-22,5308433,5335725,8254723,316282,3791
2025-09-23,5375222,5331269,8306407,315946,3755
2025-09-24,5456331,5412707,8360364,316779,3765
2025-09-25,5210708,5251660,8276749,303245,3776
2025-09-26,4689740,4700953,7659657,261502,3802
2025-09-27,4217278,4102968,6738580,226218,3806
2025-09-28,4943876,4674558,7514929,280629,3801
2025-09-29,5140412,5271068,8413253,315979,3782
2025-09-30,5102215,5166659,8336286,307754,3767
2025-10-01,5019231,5126993,8298356,302751,3772
2025-10-02,4840804,4925120,8142233,291386,3781
2025-10-03,4437458,4444289,7733965,256970,3789
2025-10-04,4280275,4115901,7241183,231975,3791
2025-10-05,4978563,4875653,8099040,288577,3796
2025-10-06,4963964,5289485,8263707,318743,3795
2025-10-07,5037372,5461331,8507324,323974,3804
2025-10-08,5042053,5343551,8486977,318289,3779
2025-10-09,4993963,5395799,8504699,319834,3792
2025-10-10,4828703,5130212,8275546,295604,3815
2025-10-11,4600731,4801241,7584575,266372,3819
2025-10-12,5466146,5559593,8450124,331267,3821
2025-10-13,5488941,6017741,9122785,366917,3826
2025-10-14,5472639,5991448,9036187,355668,3806
2025-10-15,5358498,5808650,8810303,346606,3849
2025-10-16,5138093,4414813,8639572,324906,3875
2025-10-17,4700982,3480266,8155280,283893,3935
2025-10-18,4432650,3097887,7509742,253393,3937
2025-10-19,5212210,3626554,8525381,316279,3938
2025-10-20,5439071,4096896,9302174,354088,3923
2025-10-21,5221388,3913544,9038494,333988,3911
2025-10-22,5185725,3871835,8777799,329210,3928
2025-10-23,4947245,3722909,8636901,309692,3962
2025-10-24,4638528,3432735,8341393,277702,3954
2025-10-25,4423562,3109022,7657877,250420,3964
2025-10-26,5545393,3831014,9160068,328385,3967
2025-10-27,5458537,4003138,9392136,339923,3867
2025-10-28,5390096,3998252,9297803,327503,3912
2025-10-29,4939492,3772011,8560964,306381,3923
2025-10-30,5185846,4028234,8598108,314592,3939
2025-10-31,4715392,3797051,8189385,284381,3957
2025-11-01,4697534,3519744,7868087,267493,3966
2025-11-02,6192681,4528900,9583876,365331,3970
2025-11-03,6283287,4917255,10112221,390627,3961
2025-11-04,6074987,4722462,9718112,376074,3919
2025-11-05,5913161,4639273,9568870,363591,3945
2025-11-06,5949343,4620689,9814412,372497,3959
2025-11-07,6086768,4960993,9765668,395613,3967
2025-11-08,5751269,4404044,9135607,340859,3967
2025-11-09,6910025,5251108,10510011,424800,3970
2025-11-10,6870736,5481719,10734546,436747,3950
2025-11-11,6861114,5305219,10612531,429865,3965
2025-11-12,6528426,5255592,10395691,414698,3987
2025-11-13,6431446,5078852,10381793,404039,4048
2025-11-14,6299140,4889945,10200983,390420,4054
2025-11-15,6117613,4556658,9796822,355816,4056
2025-11-16,7121286,5142352,10904801,421491,4058
2025-11-17,7414449,5643644,11698203,458202,3968
2025-11-18,6848298,5217245,10964527,435345,3992
2025-11-19,6871080,5237924,11104971,427797,4004
2025-11-20,6841021,5163281,11299895,422700,4009
2025-11-21,6449913,4802996,10865544,391521,4011
2025-11-22,6334444,4514792,10302489,361433,4013
2025-11-23,7645569,5445231,11852359,453720,4015
2025-11-24,7828634,5804350,12350448,495187,3904
2025-11-25,7654710,5571615,12178221,477760,3921
2025-11-26,7703115,5452504,11961850,477849,3927
2025-11-27,7738185,5319577,11960397,480663,3945
2025-11-28,8442192,5509273,12502600,526156,3983
2025-11-29,7468681,4673443,11016100,428776,3986
2025-11-30,9232663,5839321,12586524,553941,3991
2025-12-01,8223523,5741594,12231010,501269,3991
2025-12-02,7302225,4985282,11688243,420760,3980
2025-12-03,7110272,4786987,11461628,425719,3994
2025-12-04,6810268,4624536,11128908,411992,4009
2025-12-05,6055435,4081613,10152715,359654,4015
2025-12-06,6161746,3850679,9879658,345634,4021
2025-12-07,7537326,4738880,11465358,439933,4024
2025-12-08,7812417,5428725,12357753,490390,4014
2025-12-09,7869084,5313909,12300372,492760,3971
2025-12-10,7799664,5269120,12220182,489709,3998
2025-12-11,7706886,5095875,11998163,471602,4020
2025-12-12,7030050,4441516,10942772,416524,4033
2025-12-13,7082973,4231102,10526571,393879,4037
2025-12-14,8789337,5219310,12249033,506319,4038
2025-12-15,8831764,5687415,12991109,541544,3981
2025-12-16,7498125,4774304,11773276,451711,3996
2025-12-17,5438935,3680182,9194787,326163,3996
2025-12-18,5657736,3870405,8652666,319695,3999
2025-12-19,5266435,3541694,6635361,287114,3999
2025-12-20,5160103,3221297,6085135,260861,4004
2025-12-21,5536327,3486685,6444053,281836,4007
2025-12-22,4934860,3281758,6038721,257944,3946
2025-12-23,3500884,2311018,5247052,174316,3952
2025-12-24,2370629,1469818,4345648,107680,3959
2025-12-25,4013890,2404942,5900308,184284,3964
2025-12-26,4616265,2728106,6463308,219316,3971
2025-12-27,5037421,3114047,6894348,244647,3979
2025-12-28,5320732,3241544,7192186,265952,3982
2025-12-29,5543369,3637249,7632405,290263,3971
2025-12-30,4866245,3098648,6992813,246654,3947
2025-12-31,2853559,1828769,4999538,145461,3960
